{"count":1,"self":285.9081216,"total":1176.664522,"children":{"InitializeActuators":{"count":18,"self":0.001431,"total":0.001431,"children":null},"InitializeSensors":{"count":18,"self":0.001063,"total":0.001063,"children":null},"AgentSendState":{"count":1112367,"self":4.28367,"total":27.406982,"children":{"CollectObservations":{"count":2002320,"self":8.606888,"total":8.606888,"children":null},"WriteActionMask":{"count":2002320,"self":0.73846,"total":0.73846,"children":null},"RequestDecision":{"count":2002320,"self":3.4942699999999998,"total":13.777963999999999,"children":{"AgentInfo.ToProto":{"count":2002320,"self":2.8887039999999997,"total":10.283693999999999,"children":{"GenerateSensorData":{"count":2002320,"self":7.3949903999999993,"total":7.39499,"children":null}}}}}}},"DecideAction":{"count":1112367,"self":851.5345408,"total":851.53456599999993,"children":null},"AgentAct":{"count":1112367,"self":11.7084368,"total":11.708618,"children":{"AgentInfo.ToProto":{"count":26,"self":5.4999999999999995E-05,"total":0.00018099999999999998,"children":{"GenerateSensorData":{"count":26,"self":0.000126,"total":0.000126,"children":null}}}}},"AgentInfo.ToProto":{"count":12199,"self":0.036227999999999996,"total":0.102833,"children":{"GenerateSensorData":{"count":12199,"self":0.066605,"total":0.066605,"children":null}}}},"gauges":{"Brainfighter.CumulativeReward":{"count":12225,"max":62.52598,"min":-70.8940048,"runningAverage":-0.557808161,"value":57.9050064,"weightedAverage":-1.2617135}},"metadata":{"timer_format_version":"0.1.0","start_time_seconds":"1710828394","unity_version":"2022.3.8f1","command_line_arguments":"\/home\/alan\/Programas\/Unity\/2022.3.8f1\/Editor\/Unity -projectpath \/home\/alan\/Repositorios\/brainfighter -useHub -hubIPC -cloudEnvironment production","communication_protocol_version":"1.5.0","com.unity.ml-agents_version":"3.0.0-exp.1","scene_name":"City","end_time_seconds":"1710829571"}}