{"count":1,"self":56.569260799999995,"total":83.753562,"children":{"InitializeActuators":{"count":8,"self":0.001121,"total":0.001121,"children":null},"InitializeSensors":{"count":8,"self":0.0011049999999999999,"total":0.0011049999999999999,"children":null},"AgentSendState":{"count":22161,"self":0.077886,"total":0.376059,"children":{"CollectObservations":{"count":35464,"self":0.099241,"total":0.099241,"children":null},"WriteActionMask":{"count":35464,"self":0.012296999999999999,"total":0.012296999999999999,"children":null},"RequestDecision":{"count":35464,"self":0.059944,"total":0.186635,"children":{"AgentInfo.ToProto":{"count":35464,"self":0.045654,"total":0.126691,"children":{"GenerateSensorData":{"count":35464,"self":0.081037,"total":0.081037,"children":null}}}}}}},"DecideAction":{"count":22161,"self":26.692353599999997,"total":26.692352999999997,"children":null},"AgentAct":{"count":22161,"self":0.11308199999999999,"total":0.113275,"children":{"AgentInfo.ToProto":{"count":56,"self":7.3E-05,"total":0.000193,"children":{"GenerateSensorData":{"count":56,"self":0.00011999999999999999,"total":0.00011999999999999999,"children":null}}}}}},"gauges":{"Brainfighter.CumulativeReward":{"count":56,"max":0.648000062,"min":-0.6550006,"runningAverage":-0.0140677663,"value":-0.0425001457,"weightedAverage":-0.02100163}},"metadata":{"timer_format_version":"0.1.0","start_time_seconds":"1707498946","unity_version":"2022.3.8f1","command_line_arguments":"\/home\/alan\/Unity\/Editor\/2022.3.8f1\/Editor\/Unity -projectpath \/home\/alan\/Repos\/Unity\/brainfighter -useHub -hubIPC -cloudEnvironment production","communication_protocol_version":"1.5.0","com.unity.ml-agents_version":"3.0.0-exp.1","scene_name":"City","end_time_seconds":"1707499030"}}