{"count":1,"self":3319.5575295999997,"total":3723.7237769999997,"children":{"InitializeActuators":{"count":2,"self":0.001197,"total":0.001197,"children":null},"InitializeSensors":{"count":2,"self":0.001029,"total":0.001029,"children":null},"AgentSendState":{"count":581077,"self":1.127786,"total":3.988171,"children":{"CollectObservations":{"count":232434,"self":0.96785899999999991,"total":0.96785899999999991,"children":null},"WriteActionMask":{"count":232434,"self":0.101144,"total":0.101144,"children":null},"RequestDecision":{"count":232434,"self":0.486035,"total":1.791382,"children":{"AgentInfo.ToProto":{"count":232434,"self":0.45283199999999996,"total":1.305347,"children":{"GenerateSensorData":{"count":232434,"self":0.85251499999999991,"total":0.85251499999999991,"children":null}}}}}}},"DecideAction":{"count":581077,"self":398.59711999999996,"total":398.59712199999996,"children":null},"AgentAct":{"count":581077,"self":1.576388,"total":1.5766449999999999,"children":{"AgentInfo.ToProto":{"count":39,"self":8.9999999999999992E-05,"total":0.000257,"children":{"GenerateSensorData":{"count":39,"self":0.000167,"total":0.000167,"children":null}}}}},"AgentInfo.ToProto":{"count":213,"self":0.000638,"total":0.00171,"children":{"GenerateSensorData":{"count":213,"self":0.001072,"total":0.001072,"children":null}}}},"gauges":{"Brainfighter.CumulativeReward":{"count":252,"max":104.74202,"min":-115.894196,"runningAverage":-7.90772057,"value":-103.047981,"weightedAverage":-15.3240738}},"metadata":{"timer_format_version":"0.1.0","start_time_seconds":"1707365888","unity_version":"2022.3.8f1","command_line_arguments":"\/home\/alan\/Unity\/Editor\/2022.3.8f1\/Editor\/Unity -projectpath \/home\/alan\/Repos\/Unity\/brainfighter -useHub -hubIPC -cloudEnvironment production","communication_protocol_version":"1.5.0","com.unity.ml-agents_version":"3.0.0-exp.1","scene_name":"City","end_time_seconds":"1707369612"}}