{"count":1,"self":55.3167744,"total":98.902748,"children":{"InitializeActuators":{"count":1,"self":0.0042829999999999995,"total":0.0042829999999999995,"children":null},"InitializeSensors":{"count":1,"self":0.0030139999999999998,"total":0.0030139999999999998,"children":null},"AgentSendState":{"count":3024,"self":0.025869999999999997,"total":0.073133999999999991,"children":{"CollectObservations":{"count":303,"self":0.00456,"total":0.00456,"children":null},"WriteActionMask":{"count":303,"self":0.0043739999999999994,"total":0.0043739999999999994,"children":null},"RequestDecision":{"count":303,"self":0.038329999999999996,"total":0.038329999999999996,"children":null}}},"DecideAction":{"count":3024,"self":43.485504,"total":43.485504999999996,"children":null},"AgentAct":{"count":3024,"self":0.018944,"total":0.018944,"children":null}},"gauges":{},"metadata":{"timer_format_version":"0.1.0","start_time_seconds":"1711471666","unity_version":"2022.3.8f1","command_line_arguments":"\/home\/alan\/Unity\/Hub\/Editor\/2022.3.8f1\/Editor\/Unity -projectpath \/home\/alan\/Repositorios\/brainfighter -useHub -hubIPC -cloudEnvironment production","communication_protocol_version":"1.5.0","com.unity.ml-agents_version":"3.0.0-exp.1","scene_name":"City","end_time_seconds":"1711471765"}}