{"count":1,"self":30.9782464,"total":31.208356,"children":{"InitializeActuators":{"count":8,"self":0.0012569999999999999,"total":0.0012569999999999999,"children":null},"InitializeSensors":{"count":8,"self":0.0012699999999999999,"total":0.0012699999999999999,"children":null},"AgentSendState":{"count":1360,"self":0.007122,"total":0.027868999999999998,"children":{"CollectObservations":{"count":2176,"self":0.0060529999999999994,"total":0.0060529999999999994,"children":null},"WriteActionMask":{"count":2176,"self":0.0011589999999999999,"total":0.0011589999999999999,"children":null},"RequestDecision":{"count":2176,"self":0.013535,"total":0.013535,"children":null}}},"DecideAction":{"count":1360,"self":0.18498699999999998,"total":0.18498699999999998,"children":null},"AgentAct":{"count":1360,"self":0.014322,"total":0.014322,"children":null}},"gauges":{"Brainfighter.CumulativeReward":{"count":2,"max":-692.2,"min":-799.8,"runningAverage":-746,"value":-799.8,"weightedAverage":-719.1}},"metadata":{"timer_format_version":"0.1.0","start_time_seconds":"1708106629","unity_version":"2022.3.8f1","command_line_arguments":"\/home\/alan\/Unity\/Editor\/2022.3.8f1\/Editor\/Unity -projectpath \/home\/alan\/Repos\/Unity\/brainfighter -useHub -hubIPC -cloudEnvironment production","communication_protocol_version":"1.5.0","com.unity.ml-agents_version":"3.0.0-exp.1","scene_name":"City","end_time_seconds":"1708106660"}}