{"count":1,"self":533.6088576,"total":1811.830595,"children":{"InitializeActuators":{"count":18,"self":0.001323,"total":0.001323,"children":null},"InitializeSensors":{"count":18,"self":0.0010919999999999999,"total":0.0010919999999999999,"children":null},"AgentSendState":{"count":1321884,"self":5.23767,"total":33.175802,"children":{"CollectObservations":{"count":2379438,"self":9.852171199999999,"total":9.852171,"children":null},"WriteActionMask":{"count":2379438,"self":1.469059,"total":1.469059,"children":null},"RequestDecision":{"count":2379438,"self":3.9165351999999998,"total":16.616902,"children":{"AgentInfo.ToProto":{"count":2379438,"self":4.074924,"total":12.700367,"children":{"GenerateSensorData":{"count":2379438,"self":8.6254432,"total":8.6254429999999989,"children":null}}}}}}},"DecideAction":{"count":1321884,"self":1242.6096639999998,"total":1242.609629,"children":null},"AgentAct":{"count":1321884,"self":1.7860779999999998,"total":1.7860779999999998,"children":null},"AgentInfo.ToProto":{"count":97155,"self":0.234873,"total":0.647075,"children":{"GenerateSensorData":{"count":97155,"self":0.41220199999999996,"total":0.41220199999999996,"children":null}}}},"gauges":{"Brainfighter.CumulativeReward":{"count":97155,"max":91,"min":-566.5596,"runningAverage":-128.931808,"value":-105.849922,"weightedAverage":-111.459343}},"metadata":{"timer_format_version":"0.1.0","start_time_seconds":"1711000113","unity_version":"2022.3.8f1","command_line_arguments":"\/home\/alan\/Programas\/Unity\/2022.3.8f1\/Editor\/Unity -projectpath \/home\/alan\/Repositorios\/brainfighter -useHub -hubIPC -cloudEnvironment production","communication_protocol_version":"1.5.0","com.unity.ml-agents_version":"3.0.0-exp.1","scene_name":"City","end_time_seconds":"1711001924"}}