{"count":1,"self":317.18807039999996,"total":318.588125,"children":{"InitializeActuators":{"count":18,"self":0.001277,"total":0.001277,"children":null},"InitializeSensors":{"count":18,"self":0.000998,"total":0.000998,"children":null},"AgentSendState":{"count":15843,"self":0.093785,"total":0.17329999999999998,"children":{"CollectObservations":{"count":28530,"self":0.037732999999999996,"total":0.037732999999999996,"children":null},"WriteActionMask":{"count":28530,"self":0.011269999999999999,"total":0.011269999999999999,"children":null},"RequestDecision":{"count":28530,"self":0.030511999999999997,"total":0.030511999999999997,"children":null}}},"DecideAction":{"count":15843,"self":1.0513219999999999,"total":1.0513219999999999,"children":null},"AgentAct":{"count":15843,"self":0.172769,"total":0.172769,"children":null}},"gauges":{"Brainfighter.CumulativeReward":{"count":58,"max":29.059988,"min":-1741.51379,"runningAverage":-1326.40588,"value":-99.3500061,"weightedAverage":-998.795349}},"metadata":{"timer_format_version":"0.1.0","start_time_seconds":"1710135699","unity_version":"2022.3.8f1","command_line_arguments":"\/home\/alan\/Programas\/Unity\/2022.3.8f1\/Editor\/Unity -projectpath \/home\/alan\/Repositorios\/brainfighter -useHub -hubIPC -cloudEnvironment production","communication_protocol_version":"1.5.0","com.unity.ml-agents_version":"3.0.0-exp.1","scene_name":"City","end_time_seconds":"1710136018"}}