{"count":1,"self":70.25824,"total":70.456312,"children":{"InitializeActuators":{"count":6,"self":0.0031709999999999998,"total":0.0031709999999999998,"children":null},"InitializeSensors":{"count":6,"self":0.002944,"total":0.002944,"children":null},"AgentSendState":{"count":3119,"self":0.037055,"total":0.08995199999999999,"children":{"CollectObservations":{"count":3744,"self":0.036506,"total":0.036506,"children":null},"WriteActionMask":{"count":3744,"self":0.0054329999999999995,"total":0.0054329999999999995,"children":null},"RequestDecision":{"count":3744,"self":0.010957999999999999,"total":0.010957999999999999,"children":null}}},"DecideAction":{"count":3119,"self":0.057068999999999995,"total":0.057068999999999995,"children":null},"AgentAct":{"count":3119,"self":0.043845999999999996,"total":0.043845999999999996,"children":null}},"gauges":{"Brainfighter.CumulativeReward":{"count":6,"max":-39601,"min":-39601,"runningAverage":-39601,"value":-39601,"weightedAverage":-39601}},"metadata":{"timer_format_version":"0.1.0","start_time_seconds":"1708624250","unity_version":"2022.3.8f1","command_line_arguments":"\/home\/alan\/Unity\/Hub\/Editor\/2022.3.8f1\/Editor\/Unity -projectpath \/home\/alan\/repos\/unity\/brainfighter -useHub -hubIPC -cloudEnvironment production","communication_protocol_version":"1.5.0","com.unity.ml-agents_version":"3.0.0-exp.1","scene_name":"City","end_time_seconds":"1708624320"}}