{"count":1,"self":35.822528,"total":106.25515899999999,"children":{"InitializeActuators":{"count":18,"self":0.0014429999999999998,"total":0.0014429999999999998,"children":null},"InitializeSensors":{"count":18,"self":0.0010479999999999999,"total":0.0010479999999999999,"children":null},"AgentSendState":{"count":79634,"self":0.28898199999999996,"total":1.807661,"children":{"CollectObservations":{"count":143352,"self":0.511378,"total":0.511378,"children":null},"WriteActionMask":{"count":143352,"self":0.056295,"total":0.056295,"children":null},"RequestDecision":{"count":143352,"self":0.23311199999999999,"total":0.95100599999999991,"children":{"AgentInfo.ToProto":{"count":143352,"self":0.190357,"total":0.71789399999999992,"children":{"GenerateSensorData":{"count":143352,"self":0.52753699999999992,"total":0.52753699999999992,"children":null}}}}}}},"DecideAction":{"count":79634,"self":68.512543999999991,"total":68.512546,"children":null},"AgentAct":{"count":79634,"self":0.10259199999999999,"total":0.10259199999999999,"children":null},"AgentInfo.ToProto":{"count":1424,"self":0.0019149999999999998,"total":0.0066219999999999994,"children":{"GenerateSensorData":{"count":1424,"self":0.0047069999999999994,"total":0.0047069999999999994,"children":null}}}},"gauges":{"Brainfighter.CumulativeReward":{"count":1424,"max":103.884,"min":-104.209,"runningAverage":-1.18310988,"value":1.78899992,"weightedAverage":-0.396605879}},"metadata":{"timer_format_version":"0.1.0","start_time_seconds":"1710912214","unity_version":"2022.3.8f1","command_line_arguments":"\/home\/alan\/Programas\/Unity\/2022.3.8f1\/Editor\/Unity -projectpath \/home\/alan\/Repositorios\/brainfighter -useHub -hubIPC -cloudEnvironment production","communication_protocol_version":"1.5.0","com.unity.ml-agents_version":"3.0.0-exp.1","scene_name":"City","end_time_seconds":"1710912320"}}