{"count":1,"self":227.77902079999998,"total":228.74675399999998,"children":{"InitializeActuators":{"count":7,"self":0.0011539999999999999,"total":0.0011539999999999999,"children":null},"InitializeSensors":{"count":7,"self":0.0010789999999999999,"total":0.0010789999999999999,"children":null},"AgentSendState":{"count":10578,"self":0.062381,"total":0.13752799999999998,"children":{"CollectObservations":{"count":14812,"self":0.042903,"total":0.042903,"children":null},"WriteActionMask":{"count":14812,"self":0.0077529999999999995,"total":0.0077529999999999995,"children":null},"RequestDecision":{"count":14812,"self":0.024491,"total":0.024491,"children":null}}},"DecideAction":{"count":10578,"self":0.745236,"total":0.745236,"children":null},"AgentAct":{"count":10578,"self":0.082333999999999991,"total":0.082333999999999991,"children":null}},"gauges":{"Brainfighter.CumulativeReward":{"count":36,"max":108,"min":-39601,"runningAverage":-32989.7227,"value":55.2,"weightedAverage":-29391.5488}},"metadata":{"timer_format_version":"0.1.0","start_time_seconds":"1708303571","unity_version":"2022.3.8f1","command_line_arguments":"\/home\/alan\/Programas\/Unity\/Editor\/2022.3.8f1\/Editor\/Unity -projectpath \/home\/alan\/Repos\/Unity\/brainfighter -useHub -hubIPC -cloudEnvironment production","communication_protocol_version":"1.5.0","com.unity.ml-agents_version":"3.0.0-exp.1","scene_name":"City","end_time_seconds":"1708303799"}}