{
    "name": "root",
    "gauges": {
        "Brainfighter.Policy.Entropy.mean": {
            "value": 3.2348599433898926,
            "min": 3.1604926586151123,
            "max": 4.183130741119385,
            "count": 100
        },
        "Brainfighter.Policy.Entropy.sum": {
            "value": 31986.294921875,
            "min": 31567.505859375,
            "max": 42333.28125,
            "count": 100
        },
        "Brainfighter.Step.mean": {
            "value": 499991.0,
            "min": 4996.0,
            "max": 499991.0,
            "count": 100
        },
        "Brainfighter.Step.sum": {
            "value": 499991.0,
            "min": 4996.0,
            "max": 499991.0,
            "count": 100
        },
        "Brainfighter.Policy.ExtrinsicValueEstimate.mean": {
            "value": -80.02957153320312,
            "min": -564.0514526367188,
            "max": -50.029727935791016,
            "count": 100
        },
        "Brainfighter.Policy.ExtrinsicValueEstimate.sum": {
            "value": -6962.57275390625,
            "min": -49072.4765625,
            "max": -4352.58642578125,
            "count": 100
        },
        "Brainfighter.Environment.EpisodeLength.mean": {
            "value": 388.8333333333333,
            "min": 370.7692307692308,
            "max": 399.3333333333333,
            "count": 100
        },
        "Brainfighter.Environment.EpisodeLength.sum": {
            "value": 9332.0,
            "min": 9168.0,
            "max": 12768.0,
            "count": 100
        },
        "Brainfighter.Environment.CumulativeReward.mean": {
            "value": -2741.683321158091,
            "min": -24097.79162343343,
            "max": -2741.683321158091,
            "count": 100
        },
        "Brainfighter.Environment.CumulativeReward.sum": {
            "value": -32900.199853897095,
            "min": -289173.4994812012,
            "max": -32900.199853897095,
            "count": 100
        },
        "Brainfighter.Policy.ExtrinsicReward.mean": {
            "value": -2741.683321158091,
            "min": -24097.79162343343,
            "max": -2741.683321158091,
            "count": 100
        },
        "Brainfighter.Policy.ExtrinsicReward.sum": {
            "value": -32900.199853897095,
            "min": -289173.4994812012,
            "max": -32900.199853897095,
            "count": 100
        },
        "Brainfighter.Losses.PolicyLoss.mean": {
            "value": 0.06959742578328587,
            "min": 0.05685668405688678,
            "max": 0.0816819432657212,
            "count": 100
        },
        "Brainfighter.Losses.PolicyLoss.sum": {
            "value": 0.13919485156657174,
            "min": 0.11371336811377356,
            "max": 0.23677010545119023,
            "count": 100
        },
        "Brainfighter.Losses.ValueLoss.mean": {
            "value": 1475.0086714426677,
            "min": 1475.0086714426677,
            "max": 127476.36287434897,
            "count": 100
        },
        "Brainfighter.Losses.ValueLoss.sum": {
            "value": 2950.0173428853354,
            "min": 2950.0173428853354,
            "max": 254952.72574869794,
            "count": 100
        },
        "Brainfighter.Policy.LearningRate.mean": {
            "value": 1.468899510400003e-06,
            "min": 1.468899510400003e-06,
            "max": 0.00029809680063439995,
            "count": 100
        },
        "Brainfighter.Policy.LearningRate.sum": {
            "value": 2.937799020800006e-06,
            "min": 2.937799020800006e-06,
            "max": 0.0008770224076592001,
            "count": 100
        },
        "Brainfighter.Policy.Epsilon.mean": {
            "value": 0.10048960000000001,
            "min": 0.10048960000000001,
            "max": 0.19936560000000003,
            "count": 100
        },
        "Brainfighter.Policy.Epsilon.sum": {
            "value": 0.20097920000000002,
            "min": 0.20097920000000002,
            "max": 0.5923408000000001,
            "count": 100
        },
        "Brainfighter.Policy.Beta.mean": {
            "value": 3.443104000000006e-05,
            "min": 3.443104000000006e-05,
            "max": 0.00496834344,
            "count": 100
        },
        "Brainfighter.Policy.Beta.sum": {
            "value": 6.886208000000012e-05,
            "min": 6.886208000000012e-05,
            "max": 0.014617805920000001,
            "count": 100
        },
        "Brainfighter.IsTraining.mean": {
            "value": 1.0,
            "min": 1.0,
            "max": 1.0,
            "count": 100
        },
        "Brainfighter.IsTraining.sum": {
            "value": 1.0,
            "min": 1.0,
            "max": 1.0,
            "count": 100
        },
        "Brainfighter.Self-play.ELO.mean": {
            "value": 1209.7615455894556,
            "min": 1200.0,
            "max": 1209.7615455894556,
            "count": 51
        },
        "Brainfighter.Self-play.ELO.sum": {
            "value": 4839.0461823578225,
            "min": 1200.0,
            "max": 7223.777977836603,
            "count": 51
        }
    },
    "metadata": {
        "timer_format_version": "0.1.0",
        "start_time_seconds": "1708050599",
        "python_version": "3.10.12 (main, Jul  5 2023, 18:54:27) [GCC 11.2.0]",
        "command_line_arguments": "/home/alan/miniconda3/envs/mlagents/bin/mlagents-learn /home/alan/Repos/Unity/brainfighter/brainfighter.yaml --run-id v2",
        "mlagents_version": "1.0.0",
        "mlagents_envs_version": "1.0.0",
        "communication_protocol_version": "1.5.0",
        "pytorch_version": "2.2.0+cu121",
        "numpy_version": "1.21.2",
        "end_time_seconds": "1708056097"
    },
    "total": 5498.229777464003,
    "count": 1,
    "self": 0.00475465900672134,
    "children": {
        "run_training.setup": {
            "total": 0.009021292993566021,
            "count": 1,
            "self": 0.009021292993566021
        },
        "TrainerController.start_learning": {
            "total": 5498.216001512003,
            "count": 1,
            "self": 1.5629976412601536,
            "children": {
                "TrainerController._reset_env": {
                    "total": 5.033256757014897,
                    "count": 3,
                    "self": 5.033256757014897
                },
                "TrainerController.advance": {
                    "total": 5491.5783670497185,
                    "count": 125796,
                    "self": 1.4461285592697095,
                    "children": {
                        "env_step": {
                            "total": 5347.75624406003,
                            "count": 125796,
                            "self": 5021.5714906986395,
                            "children": {
                                "SubprocessEnvManager._take_step": {
                                    "total": 325.1121840631822,
                                    "count": 125796,
                                    "self": 7.794093782358686,
                                    "children": {
                                        "TorchPolicy.evaluate": {
                                            "total": 317.3180902808235,
                                            "count": 250096,
                                            "self": 317.3180902808235
                                        }
                                    }
                                },
                                "workers": {
                                    "total": 1.0725692982086912,
                                    "count": 125796,
                                    "self": 0.0,
                                    "children": {
                                        "worker_root": {
                                            "total": 5495.707765093437,
                                            "count": 125796,