{
    "name": "root",
    "gauges": {
        "Brainfighter.Policy.Entropy.mean": {
            "value": 3.2991881370544434,
            "min": 3.2642459869384766,
            "max": 3.391824722290039,
            "count": 18
        },
        "Brainfighter.Policy.Entropy.sum": {
            "value": 16535.53125,
            "min": 16251.142578125,
            "max": 17145.673828125,
            "count": 18
        },
        "Brainfighter.Step.mean": {
            "value": 89977.0,
            "min": 4991.0,
            "max": 89977.0,
            "count": 18
        },
        "Brainfighter.Step.sum": {
            "value": 89977.0,
            "min": 4991.0,
            "max": 89977.0,
            "count": 18
        },
        "Brainfighter.Policy.ExtrinsicValueEstimate.mean": {
            "value": -915.166748046875,
            "min": -915.166748046875,
            "max": -17.562713623046875,
            "count": 18
        },
        "Brainfighter.Policy.ExtrinsicValueEstimate.sum": {
            "value": -72298.171875,
            "min": -72298.171875,
            "max": -1369.8917236328125,
            "count": 18
        },
        "Brainfighter.Losses.PolicyLoss.mean": {
            "value": 0.07229168686414293,
            "min": 0.05977264321700204,
            "max": 0.0776709023678753,
            "count": 18
        },
        "Brainfighter.Losses.PolicyLoss.sum": {
            "value": 0.14458337372828586,
            "min": 0.11954528643400408,
            "max": 0.22001881823719793,
            "count": 18
        },
        "Brainfighter.Losses.ValueLoss.mean": {
            "value": 54115.578353881836,
            "min": 194.2615114847819,
            "max": 54115.578353881836,
            "count": 18
        },
        "Brainfighter.Losses.ValueLoss.sum": {
            "value": 108231.15670776367,
            "min": 388.5230229695638,
            "max": 108231.15670776367,
            "count": 18
        },
        "Brainfighter.Policy.LearningRate.mean": {
            "value": 0.00024765781744739995,
            "min": 0.00024765781744739995,
            "max": 0.00029809950063349995,
            "count": 18
        },
        "Brainfighter.Policy.LearningRate.sum": {
            "value": 0.0004953156348947999,
            "min": 0.0004953156348947999,
            "max": 0.00087741000753,
            "count": 18
        },
        "Brainfighter.Policy.Epsilon.mean": {
            "value": 0.1825526,
            "min": 0.1825526,
            "max": 0.1993665,
            "count": 18
        },
        "Brainfighter.Policy.Epsilon.sum": {
            "value": 0.3651052,
            "min": 0.3651052,
            "max": 0.59247,
            "count": 18
        },
        "Brainfighter.Policy.Beta.mean": {
            "value": 0.004129374739999999,
            "min": 0.004129374739999999,
            "max": 0.00496838835,
            "count": 18
        },
        "Brainfighter.Policy.Beta.sum": {
            "value": 0.008258749479999997,
            "min": 0.008258749479999997,
            "max": 0.014624252999999997,
            "count": 18
        },
        "Brainfighter.Environment.EpisodeLength.mean": {
            "value": 19987.0,
            "min": 2077.3333333333335,
            "max": 19987.0,
            "count": 12
        },
        "Brainfighter.Environment.EpisodeLength.sum": {
            "value": 19987.0,
            "min": 2303.0,
            "max": 19987.0,
            "count": 12
        },
        "Brainfighter.Environment.CumulativeReward.mean": {
            "value": -1155278.9079275131,
            "min": -1155278.9079275131,
            "max": -4638.577680587769,
            "count": 12
        },
        "Brainfighter.Environment.CumulativeReward.sum": {
            "value": -1155278.9079275131,
            "min": -1155278.9079275131,
            "max": -9773.635851860046,
            "count": 12
        },
        "Brainfighter.Policy.ExtrinsicReward.mean": {
            "value": -1155278.9079275131,
            "min": -1155278.9079275131,
            "max": -4638.577680587769,
            "count": 12
        },
        "Brainfighter.Policy.ExtrinsicReward.sum": {
            "value": -1155278.9079275131,
            "min": -1155278.9079275131,
            "max": -9773.635851860046,
            "count": 12
        },
        "Brainfighter.IsTraining.mean": {
            "value": 1.0,
            "min": 1.0,
            "max": 1.0,
            "count": 18
        },
        "Brainfighter.IsTraining.sum": {
            "value": 1.0,
            "min": 1.0,
            "max": 1.0,
            "count": 18
        }
    },
    "metadata": {
        "timer_format_version": "0.1.0",
        "start_time_seconds": "1710368182",
        "python_version": "3.10.12 (main, Jul  5 2023, 18:54:27) [GCC 11.2.0]",
        "command_line_arguments": "/home/alan/.conda/envs/mlagents/bin/mlagents-learn /home/alan/Repositorios/brainfighter/brainfighter.yaml --run-id v4.0 --results-dir ./",
        "mlagents_version": "1.0.0",
        "mlagents_envs_version": "1.0.0",
        "communication_protocol_version": "1.5.0",
        "pytorch_version": "2.2.0+cu121",
        "numpy_version": "1.21.2",
        "end_time_seconds": "1710369621"
    },
    "total": 1439.7656461309998,
    "count": 1,
    "self": 0.013666979997651652,
    "children": {
        "run_training.setup": {
            "total": 0.030048094002268044,
            "count": 1,
            "self": 0.030048094002268044
        },
        "TrainerController.start_learning": {
            "total": 1439.721931057,
            "count": 1,
            "self": 3.460504994254734,
            "children": {
                "TrainerController._reset_env": {
                    "total": 50.33969095000066,
                    "count": 1,
                    "self": 50.33969095000066
                },
                "TrainerController.advance": {
                    "total": 1385.760600139747,
                    "count": 90778,
                    "self": 3.5899356439294934,
                    "children": {
                        "env_step": {
                            "total": 1301.3087093596478,
                            "count": 90778,
                            "self": 1032.9466510020284,
                            "children": {
                                "SubprocessEnvManager._take_step": {
                                    "total": 266.2003371821629,
                                    "count": 90778,
                                    "self": 11.018992119494214,
                                    "children": {
                                        "TorchPolicy.evaluate": {
                                            "total": 255.1813450626687,
                                            "count": 90761,
                                            "self": 255.1813450626687
                                        }
                                    }
                                },
                                "workers": {
                                    "total": 2.161721175456478,
                                    "count": 90777,
                                    "self": 0.0,
                                    "children": {
                                        "worker_root": {
                                            "total": 1432.1832944190428,
                                            "count": 90777,
                                            "is_parallel": true,
                                            "self": 563.8703425815766,
                                            "children": {
                                                "run_training.setup": {
                                                    "total": 0.0,
                                                    "count": 0,
                                                    "is_parallel": true,
                                                    "self": 0.0,