{
    "Brainfighter": {
        "checkpoints": [
            {
                "steps": 499955,
                "file_path": "./M3.3/Brainfighter/Brainfighter-499955.onnx",
                "reward": -0.3664666499789746,
                "creation_time": 1711348314.7445726,
                "auxillary_file_paths": [
                    "./M3.3/Brainfighter/Brainfighter-499955.pt"
                ]
            },
            {
                "steps": 749963,
                "file_path": "./M3.3/Brainfighter/Brainfighter-749963.onnx",
                "reward": 0.11734285785912237,
                "creation_time": 1711348611.1010656,
                "auxillary_file_paths": [
                    "./M3.3/Brainfighter/Brainfighter-749963.pt"
                ]
            },
            {
                "steps": 999947,
                "file_path": "./M3.3/Brainfighter/Brainfighter-999947.onnx",
                "reward": 0.010574999385426054,
                "creation_time": 1711348908.5314293,
                "auxillary_file_paths": [
                    "./M3.3/Brainfighter/Brainfighter-999947.pt"
                ]
            },
            {
                "steps": 1000011,
                "file_path": "./M3.3/Brainfighter/Brainfighter-1000011.onnx",
                "reward": 0.010574999385426054,
                "creation_time": 1711348908.5788,
                "auxillary_file_paths": [
                    "./M3.3/Brainfighter/Brainfighter-1000011.pt"
                ]
            }
        ],
        "elo": 1217.9907419167732,
        "final_checkpoint": {
            "steps": 1000011,
            "file_path": "./M3.3/Brainfighter.onnx",
            "reward": 0.010574999385426054,
            "creation_time": 1711348908.5788,
            "auxillary_file_paths": [
                "./M3.3/Brainfighter/Brainfighter-1000011.pt"
            ]
        }
    },
    "metadata": {
        "stats_format_version": "0.3.0",
        "mlagents_version": "1.0.0",
        "torch_version": "2.2.1+cu121"
    }
}